execution_date,split_from,split_to,ticker
2024-10-09,1.0,5.0,SONY
2024-10-03,1.0,10.0,LRCX
2024-09-30,1.0,3.0,KDCLF
2024-09-16,2.0,1.0,HSMCX
2024-09-16,2.0,1.0,HSLCX
2024-09-16,2.0,1.0,HMDCX
2024-09-16,4.0,1.0,HGOCX
2024-09-12,1.0,4.0,CTAS
2024-08-29,1.0,2.0,TKSHF
2024-08-07,1.0,1.3,YZCAY
2024-07-17,1.0,5.0,EBCOY
2024-07-16,1.0,10.0,NVDX
2024-07-16,3.0,1.0,NVDQ
2024-07-15,1.0,5.0,USLM
2024-07-15,1.0,10.0,AVGO
2024-07-10,1.0,2.0,MITSY
2024-07-10,1.0,5.0,HTHIY
2024-07-10,10.0,1.0,FRES
2024-07-09,1.0,2.0,WSM
2024-07-09,1.0,4.0,ASCCY
2024-07-05,1.0,1.05,SNFCA
2024-07-03,10.0,1.0,NUTX
2024-07-03,1.0,5.0,MDRR
2024-07-03,13.0,1.0,JZXN
2024-07-03,8.0,1.0,ASLN
2024-07-03,25.0,26.0,ACSAF
2024-07-02,5.0,1.0,ASST
2024-07-01,8.0,1.0,YGMZ
2024-07-01,17.0,1.0,RELI
2024-07-01,5.0,1.0,KORE
2024-07-01,10.0,1.0,JDST
2024-07-01,12.0,1.0,DARE
2024-07-01,40.0,1.0,BURU
2024-07-01,30.0,1.0,AZTR
2024-06-28,5.0,1.0,WHLR
2024-06-28,10.0,1.0,SPEYF
2024-06-28,35.0,1.0,NUWE
2024-06-28,100.0,1.0,ESHSF
2024-06-27,20.0,1.0,YYAI
2024-06-27,1.0,3.0,TYHOF
2024-06-27,1.0,2.0,TMRNF
2024-06-27,10.0,1.0,RIGL
2024-06-27,1.0,2.0,NSSXF
2024-06-27,1.0,2.0,NHNKF
2024-06-27,1.0,2.0,MITSF
2024-06-27,1.0,5.0,HTHIF
2024-06-27,1.0,3.0,FRUYF
2024-06-27,1.0,5.0,EBCOF
2024-06-27,1.0,2.0,CEJOF
2024-06-27,1.0,4.0,ASCCF
2024-06-27,1.0,2.0,ALNKF
2024-06-26,10.0,1.0,STAF
2024-06-26,30.0,1.0,OMIC
2024-06-26,1.0,50.0,CMG
2024-06-25,30.0,1.0,NKLA
2024-06-25,150.0,1.0,CRKN
2024-06-25,40.0,1.0,BURU
2024-06-25,1.0,10000.0,ALMC
2024-06-24,2.0,1.0,SABA
2024-06-24,10.0,1.0,CHMJF
2024-06-24,1.0,4.0,BBSI
2024-06-24,10.0,11.0,AIQUY
2024-06-21,5.0,1.0,QLI
2024-06-21,12.0,1.0,AVRO
2024-06-20,10.0,1.0,UREKF
2024-06-20,1.0,3.0,RGBPP
2024-06-20,1.0,3.0,RGBP
2024-06-20,8.0,1.0,BJDX
2024-06-20,25.0,1.0,ATRA
2024-06-18,7.0,1.0,VSME
2024-06-18,2.0,1.0,RGXTF
2024-06-18,13.0,1.0,GRI
2024-06-18,10.0,1.0,FORD
2024-06-18,100.0,1.0,CGUSY
2024-06-18,1.0,1.0496031746031746,CFRLF
2024-06-17,20.0,1.0,WKHS
2024-06-17,5.0,1.0,STRR
2024-06-17,20.0,1.0,SPCE
2024-06-17,8.0,1.0,SLRX
2024-06-17,5.0,1.0,HYDR
2024-06-17,40.0,1.0,FVVSF
2024-06-17,10.0,1.0,FNCNF
2024-06-17,4.0,1.0,CLIP
2024-06-17,10.0,1.0,CATX
2024-06-14,30.0,1.0,TWOU
2024-06-14,40.0,1.0,TRNR
2024-06-14,18.59322,19.59322,TBCCF
2024-06-14,1.0,0.1417,NSHLX
2024-06-14,64.93333,65.93333,LNSPF
2024-06-14,5.0,1.0,KRYXF
2024-06-14,24.0,25.0,ECMPF
2024-06-14,100.0,101.0,CZFS
2024-06-14,100.0,1.0,CGUIF
2024-06-13,35.0,1.0,VLD
2024-06-13,30.0,1.0,RBOT
2024-06-13,20.0,1.0,NAAS
2024-06-13,5.0,1.0,MWFEX
2024-06-13,10.0,1.0,DDNFF
2024-06-12,15.0,1.0,PEGY
2024-06-12,500.0,1.0,KSSH
2024-06-12,1.0,1.0512896825396825,CEGHF
2024-06-12,100.0,1.0,BNED
2024-06-12,1.0,2.0,APH
2024-06-11,40.0,1.0,TRGCF
2024-06-11,14.0,1.0,RTMFF
2024-06-11,9.0,1.0,KPRX
2024-06-11,291.0,1.0,KLLKF
2024-06-11,10.0,1.0,DM
2024-06-11,1.0,2.0,CNQ
2024-06-10,32.0,1.0,TNXP
2024-06-10,5.0,1.0,RTC
2024-06-10,1.0,10.0,NVDA
2024-06-10,60000.0,1.0,NICH
2024-06-10,25.0,1.0,ICU
2024-06-10,79.0,62.0,CRNCY
2024-06-10,4.0,1.0,CHYPF
2024-06-07,100.0,1.0,VLCN
2024-06-07,10.0,1.0,SSKN
2024-06-07,22.21881,23.21881,NGGTF
2024-06-07,2.0,1.0,DBVT
2024-06-07,12.0,1.0,CEAD
2024-06-07,7.0,1.0,BTCWF
2024-06-07,47.642857,48.642857,ARSSF
2024-06-07,6.0,1.0,ALDVF
2024-06-06,1.0,1.0418552036199096,XYIGF
2024-06-06,1.0,1.0337078651685392,XNYIF
2024-06-06,8.0,1.0,SSNT
2024-06-06,16.0,1.0,SNGX
2024-06-06,5.0,1.0,PNTZF
2024-06-06,1500.0,1.0,CICN
2024-06-05,1.0,10.0,SLTQY
2024-06-05,1.0,10.0,SCNQY
2024-06-05,1.0,16.0,OSOL
2024-06-05,50.0,1.0,CNSP
2024-06-05,17.0,10.0,ACENY
2024-06-04,8.0,1.0,LICY
2024-06-04,30.0,1.0,COPHF
2024-06-03,10.0,1.0,VIBEF
2024-06-03,10.0,1.0,PLAG
2024-06-03,150.0,1.0,GWAV
2024-06-03,5.0,1.0,FUSEF
2024-06-03,35.0,1.0,CNVCF
2024-06-03,1.0,1.47698,AEZS
2024-05-31,35.0,1.0,NBY
2024-05-31,1.0,2.0,DAFVF
2024-05-30,1.0,4.0,IGPTF
2024-05-30,1.0,1.0903342366757,CDIGF
2024-05-30,100.0,1.0,BRRGF
2024-05-30,15.0,1.0,BCDA
2024-05-30,10.0,1.0,AASZD
2024-05-29,38.0,39.0,VSCFF
2024-05-29,17.0,18.0,RETTF
2024-05-29,20.22,21.22,NNGPF
2024-05-29,15.0,1.0,GV
2024-05-29,50.0,1.0,GASMF
2024-05-28,10.0,1.0,TOYRF
2024-05-28,15.0,1.0,THAR
2024-05-28,200.0,1.0,SINT
2024-05-28,10.0,1.0,MGLUY
2024-05-24,10.0,1.0,USCTF
2024-05-24,10.0,1.0,USCT
2024-05-24,10.0,1.0,STLXF
2024-05-24,34.0,1.0,PLTXF
2024-05-24,1.0,1.0336102719033233,MTRJF
2024-05-24,79.0,62.0,CRNZF
2024-05-24,100.0,130.00000002726,CIGC
2024-05-24,1.0,1.3000000002726,CIG
2024-05-24,30.0,1.0,BGADF
2024-05-23,3.0,1.0,RMESF
2024-05-23,29.0,30.0,MONSF
2024-05-23,60.0,1.0,JAGX
2024-05-23,10.0,1.0,EXMXF
2024-05-23,40.0,1.0,AKAN
2024-05-22,3.0,1.0,CIM
2024-05-22,5.0,1.0,ABBRF
2024-05-21,10.0,1.0,SCNI
2024-05-21,20.0,1.0,LFSWF
2024-05-21,20.0,1.0,GEOUF
2024-05-21,10.0,1.0,GARLF
2024-05-20,1.0,1.060496067755596,SZIHF
2024-05-20,500000.0,1.0,SONG
2024-05-20,10.0,1.0,OPGN
2024-05-20,1.0,1.0056646525679758,NOSPF
2024-05-20,100.0,1.0,HCBR
2024-05-20,5.0,1.0,GCTK
2024-05-20,120.211,121.211,FERVF
2024-05-20,120.211,121.211,FER
2024-05-20,50.0,1.0,BSFC
2024-05-20,69.0,70.0,AZIHF
2024-05-20,17.0,10.0,AIAPF
2024-05-17,24.0,1.0,WHLR
2024-05-17,1.0,1.05,MSBC
2024-05-17,47.0,48.0,LBTSF
2024-05-17,100.0,1.0,HSCSW
2024-05-17,100.0,1.0,HSCS
2024-05-17,1.0,1.01587301,EDRVY
2024-05-17,10.0,1.0,CTHR
2024-05-16,8.0,1.0,SEEL
2024-05-16,1.0,4.0,SAABY
2024-05-16,5.0,1.0,ELWS
2024-05-16,15.0,1.0,DRMA
2024-05-15,10.0,1.0,BNR
2024-05-14,5.0,1.0,TIRX
2024-05-14,30.0,1.0,ADN
2024-05-13,20.0,1.0,SMBMY
2024-05-13,1.0,1.0127469725940088,HKSHF
2024-05-13,13.0,14.0,CFMOF
2024-05-13,1.0,1.0292562566090941,ANZGF
2024-05-10,6.0,1.0,ZH
2024-05-10,100.0,1.0,SELSF
2024-05-10,10.0,1.0,NOCRF
2024-05-10,3.0,4.0,DNMR
2024-05-09,18.0,1.0,TBIO
2024-05-09,1.0,20.0,STGC
2024-05-09,16.875,17.875,SSTVF
2024-05-09,29.2684,30.2684,RYLPF
2024-05-09,1.0,1.03416654,PHG
2024-05-09,10.0,1.0,MDRNF
2024-05-09,1.0,1.0748876684972541,HLPPF
2024-05-09,10.0,1.0,GYMFF
2024-05-09,1.0,1.0363636363636364,GLBIF
2024-05-09,1.0,1.02,EDVR
2024-05-09,38.78443,39.78443,CTRFF
2024-05-09,1.0,1.04,CSYJF
2024-05-08,1.0,1.0146065364250503,XTPEF
2024-05-08,5.0,1.0,STTDF
2024-05-08,1.0,1.024561403508772,NAUBF
2024-05-08,3000.0,1.0,MVNC
2024-05-08,100.0,1.0,IVP
2024-05-07,20.0,1.0,SMBMF
2024-05-07,1.0,4.0,SAABF
2024-05-07,10.0,11.0,KLBAY
2024-05-07,25.0,1.0,ARHVF
2024-05-06,10.0,1.0,OLB
2024-05-06,1.0,1.0219298245614035,ESLOF
2024-05-06,4.0,1.0,BZFD
2024-05-03,24.0,1.0,YTEN
2024-05-03,4.0,1.0,AEZS
2024-05-02,88.0,89.0,TGONF
2024-05-02,4.0,1.0,SILA
2024-05-02,20.0,1.0,SGBX
2024-05-02,2000.0,1.0,QSAM
2024-05-02,58.94039,59.94039,HCXLF
2024-05-02,63.0,64.0,EDRVF
2024-05-02,4.0,1.0,CVMT
2024-05-02,4.0,1.0,CVMCA
2024-05-01,10.0,1.0,VINO
2024-05-01,15.0,1.0,SOPA
2024-05-01,18.0,1.0,RCON
2024-05-01,6.0,1.0,RCHRF
2024-05-01,1.0,2.0,PPI
2024-04-30,3.0,1.0,NTBRF
2024-04-29,10.0,1.0,GDXD
2024-04-29,60.48,61.48,CTPVF
2024-04-29,5.0,1.0,BNKD
2024-04-29,25.0,1.0,BKKT
2024-04-26,10.0,1.0,ZVSA
2024-04-26,1.0,5.0,MDRKF
2024-04-26,75.0,1.0,ATXI
2024-04-25,1.0,1.06,XTKG
2024-04-25,4.0,1.0,TRRFF
2024-04-25,10.0,11.0,DBSDY
2024-04-25,1.0,2.0,BDORY
2024-04-25,20.0,1.0,APDN
2024-04-24,150.0,1.0,FDOC
2024-04-24,20.0,1.0,CDTX
2024-04-23,20.0,1.0,ZAPP
2024-04-23,80.0,1.0,PIRS
2024-04-23,20.0,1.0,PDGNF
2024-04-23,8.0,1.0,MYSZ
2024-04-23,1.0,6.0,MBLU
2024-04-23,15.0,1.0,FLURF
2024-04-23,40.0,1.0,BPTS
2024-04-22,18.0,1.0,WINT
2024-04-22,7.0,1.0,SMFL
2024-04-22,5.0,1.0,RRLTF
2024-04-22,5.0,1.0,CNMTF
2024-04-22,300.0,1.0,CBDL
2024-04-22,10.0,1.0,AUSVF
2024-04-19,10.0,1.0,PLCKF
2024-04-19,10.0,1.0,GSUN
2024-04-19,1.0,1.0020411433825434,GSEFF
2024-04-18,38.818565,39.818565,UTGPF
2024-04-18,40.1066,41.1066,TNTFF
2024-04-18,10.0,1.0,MEDAF
2024-04-18,2.0,1.0,INUMF
2024-04-18,5.0,6.0,GGB
2024-04-18,98.85,99.85,CSGQF
2024-04-18,80.0,1.0,BENF
2024-04-17,100.0,1.0,SBFM
2024-04-16,34.0,35.0,XIORF
2024-04-16,25.0,1.0,NCNA
2024-04-16,1.0,1.034957149300857,CSPKF
2024-04-15,150.0,1.0,WISA
2024-04-15,10.0,1.0,SOXS
2024-04-15,6.0,1.0,MRIN
2024-04-15,10.0,1.0,GRRR
2024-04-15,1.0,2.0,FRPH
2024-04-15,2.5,1.0,EXOPF
2024-04-12,50.0,1.0,MI
2024-04-12,19.37,20.37,KBAGF
2024-04-12,6.0,1.0,FLNT
2024-04-12,40.0,1.0,EZGO
2024-04-12,100.0,1.0,CISS
2024-04-12,20.0,1.0,AGEN
2024-04-11,5.0,1.0,UVXY
2024-04-11,1.0,2.0,SVXY
2024-04-11,8.0,1.0,SMSI
2024-04-11,10.0,1.0,PTNYF
2024-04-11,10.0,1.0,PALAF
2024-04-11,1.0,2.0,KOLD
2024-04-11,1.0,5.0,ISZNF
2024-04-11,1000.0,1048.0,CRPLF
2024-04-11,10.0,1.0,BON
2024-04-10,20.0,1.0,TCON
2024-04-10,5.0,1.0,SSG
2024-04-10,1.0,2.0,SPXV
2024-04-10,5.0,1.0,SPXU
2024-04-10,1.0,2.0,SPXN
2024-04-10,1.0,2.0,SPXE
2024-04-10,2.0,1.0,REW
2024-04-10,5.0,1.0,QID
2024-04-10,5.0,1.0,PSQ
2024-04-10,15.0,1.0,NUTX
2024-04-10,2500.0,1.0,JMKJ
2024-04-10,100.0,105.77205000000001,FRTRF
2024-04-09,1.0,2.0,WJRYY
2024-04-09,1.0,2.0,TRUMY
2024-04-09,5.0,1.0,ODTC
2024-04-09,5.0,1.0,ENMWD
2024-04-09,20.0,1.0,ALLR
2024-04-08,10.0,1.0,RSRBF
2024-04-08,15.0,1.0,PALI
2024-04-08,10.0,1.0,KMSTF
2024-04-08,5.0,1.0,KGFMF
2024-04-05,100.0,249.99751,TYABY
2024-04-05,25.0,1.0,SNPX
2024-04-05,30.0,1.0,RNAC
2024-04-05,1.0,10.0,QDMI
2024-04-05,2.0,1.0,GLAD
2024-04-05,5.0,1.0,ENMPF
2024-04-05,20.0,1.0,EDBL
2024-04-05,1.0,2.0,CCOEY
2024-04-04,10.0,1.0,STKH
2024-04-04,20.0,1.0,JUBAF
2024-04-04,1.0,1.0087328168985144,ARBFF
2024-04-03,100.0,1.0,UCAR
2024-04-03,20.0,1.0,RENT
2024-04-03,5.0,1.0,NVDS
2024-04-02,16.0,1.0,XXII
2024-04-02,100.0,1.0,WBBA
2024-04-02,1.0,2.0,USSJY
2024-04-02,1.0,4.0,SZKMY
2024-04-02,1.0,1.5,SSMXY
2024-04-02,1.0,3.0,SMPNY
2024-04-02,37.05769230769231,38.05769230769231,SGSOF
2024-04-02,10.0,1.0,NRXP
2024-04-02,1.0,3.0,MTSFY
2024-04-02,2.0,3.0,MSADY
2024-04-02,1.0,5.0,KIKOY
2024-04-02,1.0,1.5,KAIKY
2024-04-02,1.0,6.0,FUJIY
2024-04-02,1.0,3.0,FUJIF
2024-04-02,1.0,2.0,FJTSY
2024-04-02,10.0,1.0,EMKR
2024-04-02,200.0,1.0,DCFC
2024-04-02,100.0,1.0,AWIN
2024-04-01,30.510638,31.510638,WYNSF
2024-04-01,1.0,2.0,UDOCF
2024-04-01,8.0,1.0,PLUR
2024-04-01,3.0,1.0,MUSLF
2024-04-01,1000.0,1196.0,MMM
2024-03-28,1.0,2.0,WJRYF
2024-03-28,1.0,2.0,USSJF
2024-03-28,1.0,2.0,TRUMF
2024-03-28,1.0,5.0,TOEIF
2024-03-28,1.0,5.0,TOEAF
2024-03-28,1.0,2.0,TDCSF
2024-03-28,1.0,4.0,SZKMF
2024-03-28,1.0,3.0,SSMXF
2024-03-28,1.0,3.0,SNROF
2024-03-28,1.0,2.0,SBKLF
2024-03-28,1.0,2.0,OSUKF
2024-03-28,1.0,4.0,OPTGF
2024-03-28,1.0,2.0,ODFL
2024-03-28,1.0,4.0,NSHKF
2024-03-28,1.0,3.0,NOFCF
2024-03-28,1.0,3.0,NHOLF
2024-03-28,1.0,3.0,MTSFF
2024-03-28,1.0,3.0,MSADF
2024-03-28,1.0,10.0,MHVYF
2024-03-28,1.0,2.0,KYWAF
2024-03-28,1.0,2.0,KYMCF
2024-03-28,1.0,5.0,KIKOF
2024-03-28,1.0,3.0,KAKKF
2024-03-28,1.0,2.0,JAPPF
2024-03-28,1.0,2.0,IWCCF
2024-03-28,1.0,2.0,IUSDF
2024-03-28,1.0,10.0,FJTSF
2024-03-28,1.0,3.0,EJPRF
2024-03-28,10.0,1.0,DOYU
2024-03-28,1.0,2.0,CCOEF
2024-03-27,1.0,3.0,TPL
2024-03-27,1.0,1.1,PVBK
2024-03-27,20.0,1.0,POWMF
2024-03-27,10.0,1.0,LGVN
2024-03-27,1.0,1.00417,GHI
2024-03-27,10.0,1.0,CTRM
2024-03-27,1.0,1.05,CETXP
2024-03-27,1.0,1.0214616355730115,ARLLF
2024-03-26,18.0,1.0,FIXX
2024-03-26,20.0,1.0,ETAO
2024-03-26,1.0,1.0562,CUBA
2024-03-25,7.0,1.0,WSRIF
2024-03-25,10.0,1.0,NRGYF
2024-03-25,1.0,1.5,LINK
2024-03-25,20.0,1.0,INTZ
2024-03-25,10.0,1.0,FNGD
2024-03-25,10.0,1.0,FLYD
2024-03-25,18.0,1.0,FIXX
2024-03-25,10.0,1.0,BERZ
2024-03-22,25.0,1.0,VOYRF
2024-03-22,1000.0,1.0,ORPEF
2024-03-22,10.0,1.0,MRIRF
2024-03-22,10.0,1.0,MLGO
2024-03-22,15.0,1.0,MBRX
2024-03-22,7.0,1.0,GRPH
2024-03-22,190.0,1.0,BCAN
2024-03-22,12.0,1.0,ATER
2024-03-21,22.92607,23.92607,JARLF
2024-03-21,100.0,1.0,FNNNF
2024-03-21,1.0,2.0,CSPI
2024-03-21,44.0,1.0,BTTR
2024-03-21,10.0,1.0,ADVM
2024-03-20,5.0,1.0,NYWKF
2024-03-20,1.0,2.0,FIXX
2024-03-20,50.0,1.0,CSMRF
2024-03-19,4.0,1.0,CPIHF
2024-03-19,5.0,1.0,AEVA
2024-03-18,5.0,1.0,YSG
2024-03-15,7.0,1.0,LFWD
2024-03-15,35.17,1.0,AGE
2024-03-14,44.58848,45.58848,SEGXF
2024-03-14,20.0,1.0,OTLK
2024-03-13,1.0,6.0,NVDL
2024-03-13,100.0,1.0,INPX
2024-03-13,10.0,1.0,HPCO
2024-03-13,1.0,5.0,FBL
2024-03-12,43.792,1.0,PMVC
2024-03-12,6.0,1.0,LMFA
2024-03-11,10.0,1.0,TORCF
2024-03-11,1.0,1.0456739186699755,NWSZF
2024-03-11,1.0,2.0,BYRRF
2024-03-11,10.0,1.0,AFMD
2024-03-08,12.0,1.0,PGY
2024-03-08,12.0,1.0,GXAI
2024-03-08,23.0,1.0,GOEV
2024-03-08,15.0,1.0,CISO
2024-03-08,10.0,1.0,AISSF
2024-03-07,1.0,3.0,SOXX
2024-03-07,1.0,1.0180592342884662,SNLAF
2024-03-07,5.0,1.0,PIK
2024-03-07,1.0,4.0,IYT
2024-03-07,1.0,3.0,IYK
2024-03-07,1.0,5.0,IYH
2024-03-07,1.0,3.0,IYG
2024-03-07,1.0,5.0,IHF
2024-03-07,1.0,3.0,IHE
2024-03-07,1.0,5.0,IGV
2024-03-07,1.0,6.0,IGM
2024-03-07,1.0,1.0188048474717928,BKEAF
2024-03-07,50.71951,51.71951,ARSSF
2024-03-06,88.0,89.0,TGONF
2024-03-06,1.0,1.02718006795017,QBEIF
2024-03-06,5.0,1.0,CPHI
2024-03-06,44.0,1.0,APVO
2024-03-05,1.0,1.03,TR
2024-03-05,1.0,3.0,HVRRY
2024-03-05,10.0,1.0,ANICF
2024-03-04,1.0,1.5,SVNDY
2024-03-04,3.0,1.0,PMCOF
2024-03-04,1.0,1.5,LQR
2024-03-04,8.0,1.0,IFBD
2024-03-01,10.0,1.0,VRPX
2024-03-01,10.0,1.0,RETO
2024-03-01,2.0,1.0,MHUBF
2024-03-01,10.0,1.0,IMRFF
2024-03-01,3.0,1.0,FFIE
2024-03-01,10.0,1.0,ENTBF
2024-03-01,40.0,1.0,EGIO
2024-03-01,20.0,1.0,CJJD
2024-02-29,10.0,1.0,ZCMD
2024-02-29,2.0,1.0,SHPNF
2024-02-29,76.95833,77.95833,LNSPF
2024-02-29,10.0,1.0,CELU
2024-02-28,1.0,3.0,SVNDF
2024-02-28,1.0,5.0,SKXJF
2024-02-28,1.0,3.0,SGIPF
2024-02-28,10.0,1.0,NVGLF
2024-02-28,1.0,1.05,FNRN
2024-02-28,19.0,1.0,ATNF
2024-02-27,70.0,1.0,TGL
2024-02-27,50.0,1.0,PHUN
2024-02-27,2.0,1.0,DRETF
2024-02-27,25.0,1.0,AUUD
2024-02-26,1.0,3.0,WMT
2024-02-26,2.0,1.0,TSLY
2024-02-26,10.0,1.0,LSDI
2024-02-23,10.0,1.0,WDFCF
2024-02-23,5.0,1.0,TRIB
2024-02-23,60.0,1.0,LYT
2024-02-23,20.0,1.0,BVNNF
2024-02-23,20.0,1.0,BPTH
2024-02-23,2.5,1.0,ALCUF
2024-02-22,10.0,1.0,LUFFF
2024-02-22,1.0,5.0,IJH
2024-02-22,100.0,1.0,FOMC
2024-02-21,10.0,1.0,PXSTF
2024-02-21,10.0,1.0,DFFGF
2024-02-21,200.0,1.0,ACITF
2024-02-20,14.0,1.0,VCNX
2024-02-20,10.0,1.0,TNSTF
2024-02-20,1.0,2.0,SHAOF
2024-02-20,3.0,1.0,JZ
2024-02-20,5.0,1.0,HNWEF
2024-02-20,1.0,4.0,COO
2024-02-20,10.0,1.0,AMBO
2024-02-20,10.0,1.0,ACB
2024-02-16,4000.0,1.0,SNPW
2024-02-16,10.0,1.0,SISI
2024-02-16,10.0,1.0,DOSEF
2024-02-16,1.0,1.0186440677966102,AGVNF
2024-02-15,2.0,1.0,RFMCF
2024-02-15,10000.0,1.0,PNEXF
2024-02-15,30.0,1.0,MYMD
2024-02-15,1.0,1.036932668329177,CEGHF
2024-02-14,80.0,1.0,VRM
2024-02-14,10.0,1.0,VENZF
2024-02-14,7.0,1.0,MLLOF
2024-02-14,5.0,1.0,EJH
2024-02-14,30.0,1.0,DTIL
2024-02-13,10.0,1.0,LBCMF
2024-02-13,3.0,1.0,HELOF
2024-02-13,15.0,1.0,CRTTF
2024-02-12,30.0,1.0,UMFG
2024-02-12,10.0,1.0,SGLY
2024-02-12,20.0,1.0,CYA
2024-02-12,12.0,1.0,ASMB
2024-02-09,20.0,1.0,UAVS
2024-02-09,200.0,1.0,SVMB
2024-02-09,2.0,1.0,MEAUF
2024-02-09,10.0,1.0,KRLCF
2024-02-09,20.0,1.0,KERN
2024-02-09,4.0,5.0,CENTA
2024-02-09,4.0,5.0,CENT
2024-02-08,1.0,20.0,ZJYL
2024-02-08,10.0,1.0,XNDRF
2024-02-08,3.0,1.0,SMREF
2024-02-07,3.0,1.0,GCCFF
2024-02-06,250.0,1.0,PACV
2024-02-05,1.0,4.0,WSCO
2024-02-05,45.0,1.0,VLCN
2024-02-05,1.0,2.0,MMAT
2024-02-05,30.0,1.0,GTBP
2024-02-05,10.0,1.0,FRGT
2024-02-02,10.0,1.0,HOLO
2024-02-02,40.0,1.0,GNPX
2024-02-02,23.0,1.0,CAMP
2024-02-02,10.0,1.0,BSGM
2024-02-02,1.0,1.0155615696887685,AFOVF
2024-02-01,25.0,1.0,VEJIF
2024-02-01,15.0,1.0,TCRT
2024-02-01,100.0,1.0,STMH
2024-02-01,30.0,1.0,MSYN
2024-02-01,30.0,1.0,CMAX
2024-02-01,5.0,1.0,AATGF
2024-01-31,40.0,1.0,SIGY
2024-01-31,15.0,1.0,GOVX
2024-01-30,25.0,24.25,QGEN
2024-01-30,7.0,1.0,GRI
2024-01-29,11.0,10.0,MONDY
2024-01-29,11.0,10.0,MONDF
2024-01-29,100.0,1.0,MMAT
2024-01-29,12.0,1.0,INBS
2024-01-29,1.0,2.0,HUBG
2024-01-29,15.0,1.0,CWSFF
2024-01-26,15.0,1.0,TC
2024-01-25,30.0,1.0,REVB
2024-01-25,21.0,1.0,KAVL
2024-01-25,12.0,1.0,INO
2024-01-25,20.0,1.0,COPHF
2024-01-25,1.0,2.0,CNBL
2024-01-24,500.0,1.0,VOCL
2024-01-24,4.0,1.0,UNG
2024-01-24,10.0,1.0,INSG
2024-01-24,1.0,1.0195240148370748,FBBPF
2024-01-23,150.0,1.0,SIRC
2024-01-23,15.0,1.0,DTSS
2024-01-22,8.0,1.0,REBN
2024-01-22,20.0,1.0,PCSA
2024-01-22,40.0,1.0,NVVE
2024-01-22,1.0,3.0,MTSUY
2024-01-22,10.0,1.0,JVTSF
2024-01-22,10.0,1.0,EVAX
2024-01-19,1.0,0.4356,NUPIX
2024-01-19,700000.0,1.0,EZEN
2024-01-19,10.0,1.0,CUBXF
2024-01-19,30.0,1.0,CNEY
2024-01-19,15.0,1.0,CLEU
2024-01-19,86.0,87.0,ACSAY
2024-01-19,86.0,87.0,ACSAF
2024-01-18,20.0,1.0,PBLA
2024-01-18,10.0,1.0,GLIOF
2024-01-17,1000.0,1.0,RPNRF
2024-01-17,25.0,1.0,AULT
2024-01-16,10.0,1.0,UXIN
2024-01-16,100.0,1.0,UNRV
2024-01-16,100.0,1.0,SFE
2024-01-16,20.0,1.0,RVIV
2024-01-16,40.0,1.0,RNAZ
2024-01-16,250.0,1.0,PARG
2024-01-12,50.0,51.0,SYRVF
2024-01-12,1.0,4.0,KYOCY
2024-01-12,25.0,1.0,EFTR
2024-01-11,88.95,89.95,SSEZF
2024-01-11,24.0,25.0,LECIY
2024-01-11,2.0,1.0,IMNTF
2024-01-11,37.0,38.0,ECMPF
2024-01-10,1.0,4.0,OMVKY
2024-01-10,2.0,1.0,MESO
2024-01-10,1000.0,1.0,BETS
2024-01-09,137523.0,1.0,VNTRF
2024-01-09,20.0,1.0,TTNP
2024-01-09,5.0,1.0,IDXAF
2024-01-09,58.0,59.0,IBDSF
2024-01-09,58.0,59.0,IBDRY
2024-01-09,75000.0,1.0,CDIX
2024-01-08,10.0,1.0,QNICF
2024-01-08,20.0,1.0,ONCT
2024-01-08,30.0,1.0,EIGR
2024-01-08,4.0,1.0,EFSH
2024-01-05,1.33,1.0,YAMHY
2024-01-05,10.0,1.0,SABS
2024-01-05,1.0,1000.0,MICRD
2024-01-05,1000.0,1.0,MICR
2024-01-05,1.0,5.0,IDKOY
2024-01-05,20.0,1.0,DSS
2024-01-04,10.0,1.0,JSPR
2024-01-04,2.0,1.0,IMTCF
2024-01-04,16.0,1.0,ACON
2024-01-03,1.0,2.2,URGYF
2024-01-03,10.0,1.0,TMLSF
2024-01-03,80.0,1.0,TENX
2024-01-03,40.0,1.0,PRSO
2024-01-03,2.0,1.0,LXEH
2024-01-03,500.0,1.0,JZZI
2024-01-02,65.0,1.0,TBLT
2024-01-02,1.0,1.0379991366285344,LNGPF
2024-01-02,20.0,1.0,KTTA
2023-12-29,16.0,1.0,VS
2023-12-29,2000.0,1.0,MYMX
2023-12-29,120.0,1.0,HYEX
2023-12-29,4.0,5.0,ELP
2023-12-29,240.0,1.0,AVTX
2023-12-28,1.0,3.0,YAMHF
2023-12-28,1.0,3.0,TOKCF
2023-12-28,1.0,2.0,TKCCF
2023-12-28,1.0,4.0,TCNRF
2023-12-28,1.0,5.0,SOCNF
2023-12-28,1.0,5.0,SECNF
2023-12-28,1.0,3.0,NFPDF
2023-12-28,1.0,3.0,MSBHF
2023-12-28,1.0,2.0,MGAAF
2023-12-28,1.0,2.0,MBUMF
2023-12-28,1.0,4.0,KYOCF
2023-12-28,1.0,3.0,KURCF
2023-12-28,1.0,4.0,JACJF
2023-12-28,1.0,5.0,IDKOF
2023-12-28,1.0,1.00415,GHI
2023-12-28,1.0,1.029673590504451,FRTCF
2023-12-28,1.0,1.0514000000000001,CUBA
2023-12-28,1.0,2.0,CMTDF
2023-12-28,50.0,51.0,BJSAF
2023-12-27,3.0,1.0,ULTHF
2023-12-27,1.0,2.0,SLCJY
2023-12-27,150.0,1.0,NXU
2023-12-27,30.0,1.0,LIDR
2023-12-27,3.0,1.0,CSRIF
2023-12-22,1.0,2.0,PRSRU
2023-12-22,1.0,2.0,PRSR
2023-12-22,400.0,1.0,GMBL
2023-12-22,10.0,1.0,ENDMF
2023-12-21,10.0,14.0,SAVA
2023-12-21,8.0,1.0,NRBO
2023-12-21,100.0,1.0,MULN
2023-12-21,10.0,1.0,BVNNF
2023-12-21,18.0,1.0,BKYI
2023-12-20,35.0,1.0,WNW
2023-12-20,20.0,1.0,SRERF
2023-12-20,100.0,1.0,SIDU
2023-12-20,20.0,1.0,SCOR
2023-12-20,100.0,1.0,RDAR
2023-12-20,10.0,1.0,MSLVF
2023-12-20,5.0,1.0,EPGNF
2023-12-20,10.0,1.0,CGC
2023-12-20,8.0,1.0,BBLG
2023-12-19,25.0,1.0,TFFP
2023-12-19,4.0,1.0,NLTX
2023-12-19,13.0,1.0,CUAUF
2023-12-18,5.0,1.0,YQ
2023-12-18,10.0,1.0,VRAX
2023-12-18,20.0,1.0,UNPRF
2023-12-18,285.0,286.0,GPOVF
2023-12-18,20.0,1.0,FWBI
2023-12-18,15.0,1.0,CYCC
2023-12-15,20.0,1.0,TCBP
2023-12-15,26.0,1.0,SING
2023-12-15,1.0,1.0142737196,NLOP
2023-12-15,4.0,1.0,LU
2023-12-15,10.0,1.0,HUBC
2023-12-14,15.0,1.0,SRZN
2023-12-14,1.0,1.05,MLGF
2023-12-14,100.0,1.0,GNTLF
2023-12-14,5.0,1.0,GENE
2023-12-14,5.0,1.0,AIMD
2023-12-13,20.0,1.0,CYTO
2023-12-13,1.0,1.1276450511945393,CCHMF
2023-12-12,25.0,1.0,AUVI
2023-12-11,9.0,1.0,SNCR
2023-12-11,20.0,1.0,JG
2023-12-08,20.0,1.0,TIL
2023-12-08,20.0,1.0,SNCE
2023-12-08,10.0,1.0,CENN
2023-12-08,300.0,1.0,BLTH
2023-12-07,30.0,1.0,XOS
2023-12-07,15.0,1.0,PAVM
2023-12-07,24.16176,25.16176,NRWRF
2023-12-07,40.0,1.0,FLJ
2023-12-07,1.0,0.95962,BTTRX
2023-12-07,6.0,1.0,AWLIF
2023-12-07,53.58536,54.58536,ARSSF
2023-12-07,1.0,0.95968,ACTVX
2023-12-06,1000.0,1.0,OZYMF
2023-12-06,1.0,2.1905,CZOO
2023-12-05,35.0,1.0,ZVSA
2023-12-05,200.0,1.0,XTCPD
2023-12-05,50.0,1.0,TOEYF
2023-12-05,5.0,6.0,DSX
2023-12-05,20.0,1.0,DECPF
2023-12-05,20.0,1.0,DEC
2023-12-05,15.0,1.0,ADRDF
2023-12-04,5.0,1.0,XXMMF
2023-12-04,10.0,1.0,TMF
2023-12-04,7.0,1.0,SYTA
2023-12-04,150.0,1.0,MCOM
2023-12-04,1000.0,1.0,LKOLF
2023-12-04,20.0,1.0,LABU
2023-12-04,50.0,1.0,FLLHF
2023-12-04,46.0,1.0,ECYWF
2023-12-04,10.0,1.0,BNRG
2023-12-01,1.0,2.0,RNAC
2023-12-01,10.0,1.0,MNRLF
2023-12-01,5.0,1.0,HPLHF
2023-12-01,8.0,1.0,ENG
2023-11-30,219.5,220.5,VLXGF
2023-11-30,12.0,1.0,UK
2023-11-30,60.0,1.0,LQR
2023-11-30,77.25,78.25,LNSPF
2023-11-30,1.0,1.05,LARK
2023-11-30,1.0,1.0148342059336823,JELCF
2023-11-30,3.0,1.0,FRPMF
2023-11-30,20.0,1.0,CING
2023-11-30,100.0,1.0,CICN
2023-11-29,20.0,1.0,RGS
2023-11-29,15.0,1.0,PRAX
2023-11-29,15.0,1.0,MNXMF
2023-11-29,1.0,2.0,MGGNF
2023-11-29,20.0,1.0,IBIO
2023-11-28,10.0,1.0,YOSH
2023-11-28,30.0,1.0,SEEL
2023-11-28,200.0,1.0,OCEL
2023-11-28,30.0,1.0,CMND
2023-11-27,2.0,3.0,SNEX
2023-11-27,20.0,1.0,IFRTF
2023-11-27,10.0,1.0,CHR
2023-11-24,5.75,1.0,TUERF
2023-11-24,9.0,1.0,SRCRF
2023-11-24,10.0,1.0,PNNEF
2023-11-24,5.0,1.0,PBFFF
2023-11-24,10.0,1.0,MAKAF
2023-11-24,1.0,1.044642857,DSX
2023-11-24,43.0,1.0,ARDDF
2023-11-22,8.0,1.0,NURO
2023-11-22,52.35051,53.35051,NGGTF
2023-11-22,50.0,1.0,BODY
2023-11-21,40.0,1.0,VTVT
2023-11-21,25.0,1.0,THAR
2023-11-21,1.0,1.0337256935442054,LKREF
2023-11-20,20.0,1.0,IFBD
2023-11-17,5.0,1.0,TRVG
2023-11-17,12.0,1.0,SNES
2023-11-17,2.0,1.0,HUSIF
2023-11-17,1.0,1.1078515962036237,APPCF
2023-11-17,3.0,1.0,AMTD
2023-11-16,1000.0,1.0,RTEZ
2023-11-16,40.0,1.0,IBXXF
2023-11-16,50.0,1.0,CWGYF
2023-11-16,1.0,1.038619556285949,ANZGF
2023-11-16,10.0,1.0,AEY
2023-11-15,10.0,1.0,WESMF
2023-11-15,8.0,1.0,RVSN
2023-11-15,10.0,1.0,HYMC
2023-11-15,1.0,3.0,CELH
2023-11-14,10.0,1.0,ZAIRF
2023-11-14,9.0,1.0,XRTX
2023-11-14,15.0,1.0,PRE
2023-11-14,4.0,1.0,PMDRF
2023-11-14,1.0,1.0296610169491525,NAUBF
2023-11-14,10.0,1.0,MXDHF
2023-11-14,10.0,1.0,MDXH
2023-11-14,10.0,1.0,KOOYF
2023-11-13,50.0,1.0,ACCMF
2023-11-10,5.0,1.0,XOEEF
2023-11-09,1.0,2.0,MTEHF
2023-11-08,6.0,1.0,FNTTF
2023-11-08,10.0,1.0,ELMGF
2023-11-07,10.0,1.0,NVOS
2023-11-07,10.0,1.0,FOXO
2023-11-07,20.0,1.0,DOGZ
2023-11-06,1.0,1.02,UWHR
2023-11-06,50.0,1.0,FREQ
2023-11-03,10.0,1.0,VSBGF
2023-11-03,7.0,1.0,JFBR
2023-11-03,1.0,1.021995601,CMHHY
2023-11-03,100.0,1.0,CANO
2023-11-02,3.0,1.0,VRCFF
2023-11-02,10.0,1.0,TNON
2023-11-02,15.0,1.0,MOTS
2023-11-01,88.64,89.64,TGONF
2023-11-01,1.0,2.0,GEHI
2023-11-01,10.0,1.0,CRYBF
2023-11-01,8.0,1.0,BYFC
2023-11-01,1.0,1.7,AAMC
2023-10-31,17.0,1.0,PXMD
2023-10-31,15.0,1.0,CBIO
2023-10-31,15.0,1.0,ALZN
2023-10-30,1.0,1.0539929683576093,SNLAF
2023-10-30,70.0,1.0,RMANF
2023-10-30,1000.0,1.0,MGCLF
2023-10-30,1.0,3.0,IMCLF
2023-10-30,10.0,1.0,GVP
2023-10-30,50.0,1.0,GLG
2023-10-30,25.0,26.0,GLBIF
2023-10-30,4.0,1.0,BNIGF
2023-10-27,6.0,1.0,ZIVO
2023-10-27,25.0,1.0,VVOS
2023-10-27,3.0,1.0,SMFL
2023-10-27,16.0,1.0,JWEL
2023-10-27,10.0,1.0,CPOP
2023-10-26,20.0,1.0,VHC
2023-10-26,3.0,1.0,GTH
2023-10-26,10.0,1.0,CMOIF
2023-10-25,30.0,1.0,PRRY
2023-10-25,4.0,1.0,HHPHF
2023-10-25,10.0,1.0,DCNNF
2023-10-24,2.5,1.0,XPRCF
2023-10-24,20.0,1.0,MDBIF
2023-10-24,7.0,1.0,LMLLF
2023-10-23,4.0,1.0,OILCF
2023-10-23,1.0,2.0,MLI
2023-10-23,5.0,1.0,LVXFF
2023-10-23,4.0,1.0,ALCUF
2023-10-23,20.0,1.0,ADXN
2023-10-20,10.0,1.0,TALS
2023-10-20,200.0,1.0,SGMD
2023-10-20,50.0,1.0,POL
2023-10-20,10.0,1.0,NZERF
2023-10-20,10.0,1.0,JNCCF
2023-10-20,1.0,1.1,CYN
2023-10-20,3.0,2.0,CRNCY
2023-10-19,25.0,1.0,NEXI
2023-10-19,20.0,1.0,CPKOF
2023-10-18,10.0,1.0,WAVD
2023-10-18,100.0,1.0,RGRX
2023-10-18,30.0,1.0,REE
2023-10-18,5.0,1.0,OCG
2023-10-18,5.0,1.0,ATMMF
2023-10-17,35.0,1.0,VBLT
2023-10-17,20.0,1.0,ISPO
2023-10-17,10.0,1.0,IMTE
2023-10-16,5.0,1.0,VLCN
2023-10-16,5.0,1.0,SYHMY
2023-10-16,25.0,1.0,SLNH
2023-10-16,24.0,1.0,PIXY
2023-10-16,10.0,1.0,MIND
2023-10-16,3.0,1.0,JCSE
2023-10-16,28.57143,1.0,CRKR
2023-10-16,20.0,1.0,AQB
2023-10-13,100.0,1.0,TTOO
2023-10-13,25.0,1.0,LIFW
2023-10-13,10.0,1.0,CHDHF
2023-10-12,4.0,1.0,MANVF
2023-10-12,10.0,1.0,LSLCF
2023-10-12,3.0,1.0,CRSTF
2023-10-11,15.0,1.0,WORX
2023-10-11,10.0,1.0,UVIX
2023-10-11,1.0,10.0,RKWSF
2023-10-11,1.0,1.015179,HLTC
2023-10-11,2.0,1.0,GRYCF
2023-10-11,10.0,1.0,EXHI
2023-10-11,7.0,1.0,EDSA
2023-10-11,1.0,4.0,ATEYY
2023-10-11,50.0,1.0,AGRI
2023-10-10,1.0,2.0,YKLTY
2023-10-10,1.0,0.3665,NGRIX
2023-10-10,1.0,0.2842,NCEIX
2023-10-10,10.0,1.0,GBRCF
2023-10-10,15.0,1.0,FBIO
2023-10-10,12.0,1.0,BRQS
2023-10-10,1000.0,1.0,BOMO
2023-10-09,8.0,1.0,SPRU
2023-10-06,10.0,1.0,VVPR
2023-10-06,7.0,1.0,SVFD
2023-10-06,75.0,1.0,LGSLF
2023-10-06,10.0,1.0,KMDRF
2023-10-06,3.0,2.0,CRNZF
2023-10-05,25.0,1.0,SXTC
2023-10-05,5.0,1.0,RMDFF
2023-10-05,1.0,1.0103453626911738,ARBFF
2023-10-05,10.0,1.0,AEMD
2023-10-04,100.0,1.0,DBKSF
2023-10-03,20.0,1.0,VCSA
2023-10-03,4.0,1.0,SSPLF
2023-10-03,1.0,2.0,ROHCY
2023-10-03,1.0,1.5,MRAAY
2023-10-03,1.0,0.907804514,IRS
2023-10-03,1.0,2.0,DNZOY
2023-10-02,20.0,1.0,UTRS
2023-10-02,10.0,1.0,TOBAF
2023-10-02,20.0,1.0,SKIL
2023-10-02,500.0,1.0,NECA
2023-10-02,10.0,1.0,NCTY
2023-10-02,30.0,1.0,EBET
2023-10-02,5.0,1.0,ARR
2023-10-02,12.0,1.0,AKA
2023-10-02,10.0,1.0,ADXRF
2023-09-29,1000.0,1.0,TWOH
2023-09-29,12.0,1.0,TOPS
2023-09-29,10.0,1.0,OGOFF
2023-09-29,20.0,1.0,FATH
2023-09-29,5.0,1.0,ENCTF
2023-09-29,20.0,1.0,CRIS
2023-09-28,1.0,2.0,YKLTF
2023-09-28,20.0,1.0,XWEL
2023-09-28,72.363636,73.363636,WYNSF
2023-09-28,75.0,1.0,WOWI
2023-09-28,1.0,10.0,TEMPF
2023-09-28,15.0,1.0,SYBX
2023-09-28,26.0,1.0,SPRC
2023-09-28,1.0,4.0,ROHCF
2023-09-28,1.0,5.0,NIRCF
2023-09-28,1.0,3.0,MSMKF
2023-09-28,1.0,3.0,MRAAF
2023-09-28,1.0,2.0,MJIEF
2023-09-28,5.0,1.0,IYYFF
2023-09-28,1.0,3.0,HNDAF
2023-09-28,1.0,1.00418,GHI
2023-09-28,20.0,1.0,GBHPF
2023-09-28,1.0,4.0,DNZOF
2023-09-28,1.0,3.0,DJTGF
2023-09-28,1.0,2.0,DINRF
2023-09-28,1.0,5.0,CJPRF
2023-09-28,1.0,1.05,CETXP
2023-09-28,1.0,4.0,ADTTF
2023-09-27,10.0,1.0,ZENAF
2023-09-27,8.0,1.0,RBT
2023-09-27,10.0,1.0,ORMNF
2023-09-27,10.0,1.0,LDDD
2023-09-27,1.0,1.021995600879824,CMHHF
2023-09-26,15.0,1.0,VCNX
2023-09-26,20.0,1.0,SYYYF
2023-09-26,1.0,2.1795999999999998,PROSY
2023-09-26,6.0,1.0,FTK
2023-09-25,10.0,1.0,VINO
2023-09-25,5.0,1.0,NGNE
2023-09-25,8.0,1.0,FAMI
2023-09-25,10.0,1.0,EJH
2023-09-25,40.0,1.0,CNXA
2023-09-22,20.0,1.0,SASI
2023-09-22,250.0,1.0,RTON
2023-09-22,20.0,1.0,PRPO
2023-09-22,8.0,1.0,PBTS
2023-09-22,4.0,1.0,LTIFX
2023-09-22,4.0,1.0,LTCFX
2023-09-22,4.0,1.0,LTAFX
2023-09-22,10.0,1.0,CPTN
2023-09-22,3.0,1.0,BLLTF
2023-09-22,100.0,1.0,AGREF
2023-09-21,20.0,1.0,SOND
2023-09-21,35.0,1.0,SMTK
